ahn_baseline,fold0_auc,fold1_auc,fold2_auc,fold3_auc,fold4_auc,fold0_tpr,fold1_tpr,fold2_tpr,fold3_tpr,fold4_tpr,fold0_fpr,fold1_fpr,fold2_fpr,fold3_fpr,fold4_fpr,fold0_y_pred,fold1_y_pred,fold2_y_pred,fold3_y_pred,fold4_y_pred,fold0_y_test,fold1_y_test,fold2_y_test,fold3_y_test,fold4_y_test,avg_auc,std_auc
nn_laura,0.6267827467321476,0.6286101862128499,0.5479074335213536,0.6299420137058513,0.6028352953542149,"[0.         0.         0.         0.00662252 0.00662252 0.01986755
 0.01986755 0.0397351  0.0397351  0.05960265 0.05960265 0.07284768
 0.07284768 0.0794702  0.0794702  0.08609272 0.08609272 0.09933775
 0.09933775 0.1192053  0.1192053  0.14569536 0.14569536 0.1589404
 0.1589404  0.17218543 0.17218543 0.17880795 0.17880795 0.1986755
 0.1986755  0.21854305 0.21854305 0.25165563 0.25165563 0.25827815
 0.25827815 0.27152318 0.27152318 0.2781457  0.2781457  0.28476821
 0.28476821 0.29139073 0.29139073 0.29801325 0.29801325 0.31125828
 0.31125828 0.33774834 0.33774834 0.34437086 0.34437086 0.35099338
 0.35099338 0.37748344 0.37748344 0.38410596 0.38410596 0.39735099
 0.39735099 0.41059603 0.41059603 0.44370861 0.44370861 0.45033113
 0.45033113 0.45695364 0.45695364 0.46357616 0.46357616 0.47019868
 0.47019868 0.47682119 0.47682119 0.48344371 0.48344371 0.49006623
 0.49006623 0.49668874 0.49668874 0.50331126 0.50331126 0.50993377
 0.50993377 0.52317881 0.52317881 0.52980132 0.52980132 0.53642384
 0.53642384 0.54966887 0.54966887 0.55629139 0.55629139 0.56291391
 0.56291391 0.56953642 0.56953642 0.57615894 0.57615894 0.58278146
 0.58278146 0.59602649 0.59602649 0.60264901 0.60264901 0.60927152
 0.60927152 0.61589404 0.61589404 0.62251656 0.62251656 0.63576159
 0.63576159 0.64900662 0.64900662 0.65562914 0.65562914 0.66225166
 0.66225166 0.66887417 0.66887417 0.67549669 0.67549669 0.68211921
 0.68211921 0.68874172 0.68874172 0.69536424 0.69536424 0.70860927
 0.70860927 0.71523179 0.72847682 0.74172185 0.74172185 0.74834437
 0.74834437 0.75496689 0.75496689 0.7615894  0.7615894  0.76821192
 0.76821192 0.78145695 0.78145695 0.78807947 0.78807947 0.79470199
 0.79470199 0.8013245  0.8013245  0.80794702 0.80794702 0.81456954
 0.81456954 0.82119205 0.82119205 0.82781457 0.82781457 0.83443709
 0.83443709 0.8410596  0.8410596  0.84768212 0.84768212 0.85430464
 0.85430464 0.86092715 0.86092715 0.86754967 0.86754967 0.8807947
 0.8807947  0.88741722 0.88741722 0.89403974 0.89403974 0.90066225
 0.90066225 0.90728477 0.90728477 0.91390728 0.91390728 0.9205298
 0.9205298  0.92715232 0.92715232 0.93377483 0.93377483 0.94039735
 0.94039735 0.9602649  0.9602649  0.96688742 0.96688742 0.97350993
 0.97350993 0.98013245 0.98013245 0.98675497 0.98675497 0.99337748
 0.99337748 1.        ]","[0.         0.         0.00653595 0.00653595 0.0130719  0.0130719
 0.03921569 0.03921569 0.04575163 0.04575163 0.05228758 0.05228758
 0.05882353 0.05882353 0.06535948 0.06535948 0.08496732 0.08496732
 0.09803922 0.09803922 0.11111111 0.11111111 0.13071895 0.13071895
 0.1372549  0.1372549  0.16339869 0.16339869 0.18954248 0.18954248
 0.21568627 0.21568627 0.22222222 0.22222222 0.22875817 0.22875817
 0.24183007 0.24183007 0.24836601 0.24836601 0.26143791 0.26143791
 0.26797386 0.26797386 0.2875817  0.2875817  0.30718954 0.30718954
 0.31372549 0.31372549 0.32679739 0.32679739 0.33986928 0.33986928
 0.35294118 0.35294118 0.35947712 0.35947712 0.36601307 0.36601307
 0.37254902 0.37254902 0.38562092 0.38562092 0.39215686 0.39215686
 0.41830065 0.41830065 0.4248366  0.4248366  0.43137255 0.43137255
 0.45098039 0.45098039 0.46405229 0.46405229 0.47058824 0.47058824
 0.49019608 0.49019608 0.49673203 0.49673203 0.50980392 0.50980392
 0.51633987 0.51633987 0.52287582 0.52287582 0.52941176 0.52941176
 0.53594771 0.53594771 0.5620915  0.5620915  0.56862745 0.56862745
 0.58169935 0.58169935 0.59477124 0.59477124 0.60784314 0.60784314
 0.61437908 0.61437908 0.63398693 0.63398693 0.64052288 0.64052288
 0.64705882 0.64705882 0.65359477 0.65359477 0.66013072 0.66013072
 0.66666667 0.66666667 0.67973856 0.67973856 0.69934641 0.69934641
 0.71895425 0.71895425 0.7254902  0.7254902  0.73856209 0.73856209
 0.75163399 0.75163399 0.75816993 0.75816993 0.77124183 0.77124183
 0.77777778 0.77777778 0.79084967 0.79084967 0.79738562 0.79738562
 0.81045752 0.81045752 0.81699346 0.81699346 0.83006536 0.83006536
 0.83660131 0.83660131 0.84313725 0.84313725 0.85620915 0.85620915
 0.8627451  0.8627451  0.86928105 0.86928105 0.87581699 0.87581699
 0.88235294 0.88235294 0.88888889 0.88888889 0.89542484 0.89542484
 0.90196078 0.90196078 0.90849673 0.90849673 0.91503268 0.91503268
 0.92156863 0.92156863 0.92810458 0.92810458 0.93464052 0.93464052
 0.94771242 0.94771242 0.96078431 0.96078431 0.98039216 0.98039216
 0.99346405 0.99346405 1.         1.        ]","[0.         0.00684932 0.01369863 0.01369863 0.03424658 0.03424658
 0.04109589 0.04109589 0.05479452 0.05479452 0.06164384 0.06164384
 0.07534247 0.07534247 0.09589041 0.09589041 0.10958904 0.10958904
 0.13013699 0.13013699 0.1369863  0.1369863  0.15068493 0.15068493
 0.15753425 0.15753425 0.16438356 0.16438356 0.18493151 0.18493151
 0.19178082 0.19178082 0.23972603 0.23972603 0.24657534 0.24657534
 0.25342466 0.25342466 0.26027397 0.26027397 0.26712329 0.26712329
 0.28082192 0.28082192 0.28767123 0.28767123 0.30136986 0.30136986
 0.30821918 0.30821918 0.31506849 0.31506849 0.32191781 0.32191781
 0.32876712 0.32876712 0.35616438 0.35616438 0.3630137  0.3630137
 0.36986301 0.36986301 0.37671233 0.37671233 0.38356164 0.38356164
 0.39726027 0.39726027 0.40410959 0.40410959 0.4109589  0.4109589
 0.41780822 0.41780822 0.42465753 0.42465753 0.43835616 0.43835616
 0.44520548 0.44520548 0.45205479 0.45205479 0.45890411 0.45890411
 0.47260274 0.47260274 0.47945205 0.47945205 0.48630137 0.48630137
 0.49315068 0.49315068 0.5        0.5        0.50684932 0.50684932
 0.51369863 0.51369863 0.52739726 0.52739726 0.53424658 0.53424658
 0.54794521 0.54794521 0.55479452 0.55479452 0.57534247 0.57534247
 0.58219178 0.58219178 0.5890411  0.5890411  0.59589041 0.59589041
 0.60958904 0.60958904 0.61643836 0.61643836 0.62328767 0.62328767
 0.6369863  0.6369863  0.64383562 0.64383562 0.65753425 0.65753425
 0.66438356 0.66438356 0.67123288 0.67123288 0.68493151 0.68493151
 0.69178082 0.69178082 0.70547945 0.70547945 0.71232877 0.71232877
 0.71917808 0.71917808 0.7260274  0.7260274  0.73287671 0.73287671
 0.73972603 0.73972603 0.75342466 0.75342466 0.76027397 0.76027397
 0.76712329 0.76712329 0.78082192 0.78082192 0.78767123 0.78767123
 0.79452055 0.79452055 0.80136986 0.80136986 0.80821918 0.80821918
 0.81506849 0.81506849 0.82876712 0.82876712 0.83561644 0.83561644
 0.84246575 0.84246575 0.84931507 0.84931507 0.86986301 0.86986301
 0.87671233 0.87671233 0.88356164 0.88356164 0.90410959 0.90410959
 0.9109589  0.9109589  0.91780822 0.91780822 0.93150685 0.93150685
 0.93835616 0.93835616 0.95205479 0.95205479 0.95890411 0.95890411
 0.96575342 0.96575342 0.97260274 0.97260274 0.99315068 0.99315068
 1.        ]","[0.         0.00680272 0.02040816 0.02040816 0.02721088 0.02721088
 0.04761905 0.04761905 0.06802721 0.06802721 0.08843537 0.08843537
 0.10884354 0.10884354 0.1292517  0.1292517  0.14285714 0.14285714
 0.14965986 0.14965986 0.15646259 0.15646259 0.18367347 0.18367347
 0.24489796 0.24489796 0.25170068 0.25170068 0.2585034  0.2585034
 0.28571429 0.28571429 0.29251701 0.29251701 0.29931973 0.29931973
 0.33333333 0.33333333 0.36734694 0.36734694 0.37414966 0.37414966
 0.38095238 0.38095238 0.39455782 0.39455782 0.41496599 0.41496599
 0.42176871 0.42176871 0.43537415 0.43537415 0.44217687 0.44217687
 0.44897959 0.44897959 0.45578231 0.45578231 0.46258503 0.46258503
 0.46938776 0.46938776 0.47619048 0.47619048 0.48979592 0.48979592
 0.49659864 0.49659864 0.50340136 0.50340136 0.51020408 0.51020408
 0.5170068  0.5170068  0.52380952 0.52380952 0.53741497 0.53741497
 0.54421769 0.54421769 0.55102041 0.55102041 0.55102041 0.55102041
 0.56462585 0.56462585 0.59183673 0.59183673 0.59863946 0.59863946
 0.60544218 0.60544218 0.6122449  0.6122449  0.61904762 0.61904762
 0.62585034 0.62585034 0.63265306 0.63265306 0.63945578 0.63945578
 0.66666667 0.66666667 0.68027211 0.68027211 0.68707483 0.68707483
 0.69387755 0.69387755 0.70068027 0.70068027 0.72108844 0.72108844
 0.7414966  0.7414966  0.74829932 0.74829932 0.75510204 0.75510204
 0.76190476 0.76190476 0.76870748 0.76870748 0.78231293 0.78231293
 0.79591837 0.79591837 0.80272109 0.80272109 0.80952381 0.80952381
 0.82993197 0.82993197 0.83673469 0.83673469 0.84353741 0.84353741
 0.85034014 0.85034014 0.85714286 0.85714286 0.86394558 0.86394558
 0.88435374 0.88435374 0.89115646 0.89115646 0.89795918 0.89795918
 0.9047619  0.9047619  0.91156463 0.91156463 0.91836735 0.91836735
 0.92517007 0.92517007 0.93197279 0.93197279 0.93877551 0.93877551
 0.94557823 0.94557823 0.95238095 0.95238095 0.95918367 0.95918367
 0.96598639 0.96598639 0.97278912 0.97278912 0.97959184 0.97959184
 0.99319728 0.99319728 1.         1.        ]","[0.         0.         0.         0.00746269 0.00746269 0.01492537
 0.01492537 0.02238806 0.02238806 0.03731343 0.03731343 0.07462687
 0.07462687 0.09701493 0.09701493 0.11940299 0.11940299 0.12686567
 0.12686567 0.15671642 0.15671642 0.1641791  0.1641791  0.17164179
 0.17164179 0.18656716 0.18656716 0.19402985 0.19402985 0.20149254
 0.20149254 0.20895522 0.20895522 0.21641791 0.21641791 0.24626866
 0.24626866 0.25373134 0.25373134 0.26119403 0.26119403 0.2761194
 0.2761194  0.29104478 0.29104478 0.29850746 0.29850746 0.30597015
 0.30597015 0.32835821 0.32835821 0.3358209  0.3358209  0.35074627
 0.35074627 0.35820896 0.35820896 0.37313433 0.37313433 0.38059701
 0.38059701 0.40298507 0.40298507 0.41791045 0.41791045 0.44029851
 0.44029851 0.44776119 0.44776119 0.47014925 0.47014925 0.47761194
 0.49253731 0.49253731 0.5        0.5        0.50746269 0.50746269
 0.51492537 0.51492537 0.52985075 0.52985075 0.53731343 0.53731343
 0.55223881 0.55223881 0.55970149 0.55970149 0.56716418 0.56716418
 0.59701493 0.59701493 0.60447761 0.60447761 0.62686567 0.62686567
 0.63432836 0.63432836 0.64179104 0.64179104 0.64925373 0.64925373
 0.65671642 0.65671642 0.67910448 0.67910448 0.69402985 0.69402985
 0.70149254 0.70149254 0.70895522 0.70895522 0.7238806  0.7238806
 0.73134328 0.73134328 0.73880597 0.73880597 0.74626866 0.74626866
 0.75373134 0.75373134 0.76119403 0.76119403 0.78358209 0.78358209
 0.79104478 0.79104478 0.79850746 0.79850746 0.80597015 0.80597015
 0.81343284 0.81343284 0.82089552 0.82089552 0.8358209  0.8358209
 0.84328358 0.84328358 0.85074627 0.85074627 0.85820896 0.85820896
 0.87313433 0.87313433 0.88059701 0.88059701 0.8880597  0.8880597
 0.90298507 0.90298507 0.91791045 0.91791045 0.92537313 0.92537313
 0.93283582 0.93283582 0.94029851 0.94029851 0.94776119 0.94776119
 0.96268657 0.96268657 0.97761194 0.97761194 0.98507463 0.98507463
 0.99253731 0.99253731 1.         1.        ]","[0.         0.00374532 0.01123596 0.01123596 0.01498127 0.01498127
 0.01872659 0.01872659 0.02621723 0.02621723 0.02996255 0.02996255
 0.03370787 0.03370787 0.03745318 0.03745318 0.0411985  0.0411985
 0.04868914 0.04868914 0.05617978 0.05617978 0.082397   0.082397
 0.08614232 0.08614232 0.09737828 0.09737828 0.10486891 0.10486891
 0.11235955 0.11235955 0.11610487 0.11610487 0.11985019 0.11985019
 0.12734082 0.12734082 0.13483146 0.13483146 0.1423221  0.1423221
 0.15730337 0.15730337 0.16479401 0.16479401 0.16853933 0.16853933
 0.17228464 0.17228464 0.17602996 0.17602996 0.1835206  0.1835206
 0.19850187 0.19850187 0.20599251 0.20599251 0.21348315 0.21348315
 0.21722846 0.21722846 0.23595506 0.23595506 0.24344569 0.24344569
 0.24719101 0.24719101 0.25093633 0.25093633 0.26966292 0.26966292
 0.28089888 0.28089888 0.28464419 0.28464419 0.29213483 0.29213483
 0.32209738 0.32209738 0.3258427  0.3258427  0.34831461 0.34831461
 0.35580524 0.35580524 0.35955056 0.35955056 0.36329588 0.36329588
 0.37078652 0.37078652 0.37453184 0.37453184 0.38202247 0.38202247
 0.38951311 0.38951311 0.40074906 0.40074906 0.41198502 0.41198502
 0.42322097 0.42322097 0.42696629 0.42696629 0.43071161 0.43071161
 0.45318352 0.45318352 0.45692884 0.45692884 0.46816479 0.46816479
 0.47191011 0.47191011 0.48314607 0.48314607 0.48689139 0.48689139
 0.4906367  0.4906367  0.49812734 0.49812734 0.50187266 0.50187266
 0.51310861 0.51310861 0.51685393 0.51685393 0.52059925 0.52059925
 0.53183521 0.53183521 0.54307116 0.54307116 0.55430712 0.55430712
 0.56554307 0.56554307 0.56928839 0.56928839 0.57303371 0.57303371
 0.58052434 0.58052434 0.58801498 0.58801498 0.60674157 0.60674157
 0.62172285 0.62172285 0.6329588  0.6329588  0.64419476 0.64419476
 0.65168539 0.65168539 0.65917603 0.65917603 0.66666667 0.66666667
 0.68539326 0.68539326 0.68913858 0.68913858 0.70786517 0.70786517
 0.75280899 0.75280899 0.77902622 0.77902622 0.79400749 0.79400749
 0.79775281 0.79775281 0.80524345 0.80524345 0.8164794  0.8164794
 0.8576779  0.8576779  0.86516854 0.86516854 0.86891386 0.86891386
 0.88389513 0.88389513 0.89513109 0.89513109 0.90262172 0.90262172
 0.91011236 0.91011236 0.91385768 0.91385768 0.92509363 0.92509363
 0.93632959 0.93632959 0.94756554 0.94756554 0.96629213 0.96629213
 1.         1.        ]","[0.         0.00377358 0.00377358 0.00754717 0.00754717 0.01132075
 0.01132075 0.01886792 0.01886792 0.03018868 0.03018868 0.04528302
 0.04528302 0.0490566  0.0490566  0.06037736 0.06037736 0.06792453
 0.06792453 0.07169811 0.07169811 0.0754717  0.0754717  0.07924528
 0.07924528 0.08301887 0.08301887 0.10188679 0.10188679 0.11698113
 0.11698113 0.12075472 0.12075472 0.1245283  0.1245283  0.13207547
 0.13207547 0.13962264 0.13962264 0.14716981 0.14716981 0.1509434
 0.1509434  0.15471698 0.15471698 0.16603774 0.16603774 0.17735849
 0.17735849 0.18490566 0.18490566 0.19245283 0.19245283 0.19622642
 0.19622642 0.20377358 0.20377358 0.21132075 0.21132075 0.22264151
 0.22264151 0.23018868 0.23018868 0.24150943 0.24150943 0.2490566
 0.2490566  0.25283019 0.25283019 0.25660377 0.25660377 0.26037736
 0.26037736 0.26415094 0.26415094 0.26792453 0.26792453 0.27169811
 0.27169811 0.2754717  0.2754717  0.29433962 0.29433962 0.29811321
 0.29811321 0.30943396 0.30943396 0.31698113 0.31698113 0.32075472
 0.32075472 0.33962264 0.33962264 0.34716981 0.34716981 0.36226415
 0.36226415 0.39245283 0.39245283 0.4        0.4        0.40377358
 0.40377358 0.41509434 0.41509434 0.41886792 0.41886792 0.43018868
 0.43018868 0.44528302 0.44528302 0.4490566  0.4490566  0.46415094
 0.46415094 0.46792453 0.46792453 0.50188679 0.50188679 0.51320755
 0.51320755 0.52830189 0.52830189 0.53962264 0.53962264 0.56226415
 0.56226415 0.58113208 0.58113208 0.59622642 0.59622642 0.60377358
 0.60377358 0.62264151 0.62264151 0.65660377 0.65660377 0.66037736
 0.68679245 0.69433962 0.69433962 0.70188679 0.70188679 0.70566038
 0.70566038 0.72075472 0.72075472 0.73207547 0.73207547 0.74339623
 0.74339623 0.76226415 0.76226415 0.76603774 0.76603774 0.77358491
 0.77358491 0.78490566 0.78490566 0.8        0.8        0.80377358
 0.80377358 0.81509434 0.81509434 0.82264151 0.82264151 0.82641509
 0.82641509 0.84150943 0.84150943 0.86415094 0.86415094 0.86792453
 0.86792453 0.88301887 0.88301887 0.92075472 0.92075472 0.93584906
 0.93584906 0.98113208 0.98113208 1.        ]","[0.         0.         0.         0.00367647 0.00367647 0.01838235
 0.01838235 0.02205882 0.02205882 0.02573529 0.02573529 0.03308824
 0.03308824 0.03676471 0.03676471 0.04044118 0.04044118 0.04779412
 0.04779412 0.05514706 0.05514706 0.06617647 0.06617647 0.06985294
 0.06985294 0.07720588 0.07720588 0.08088235 0.08088235 0.08823529
 0.08823529 0.11397059 0.11397059 0.12132353 0.12132353 0.13235294
 0.13235294 0.14705882 0.14705882 0.15441176 0.15441176 0.16176471
 0.16176471 0.16911765 0.16911765 0.20220588 0.20220588 0.20955882
 0.20955882 0.22058824 0.22058824 0.22794118 0.22794118 0.23161765
 0.23161765 0.23897059 0.23897059 0.24632353 0.24632353 0.25
 0.25       0.26470588 0.26470588 0.29044118 0.29044118 0.29779412
 0.29779412 0.30147059 0.30147059 0.30882353 0.30882353 0.32720588
 0.32720588 0.33088235 0.33088235 0.33455882 0.33455882 0.34191176
 0.34191176 0.34558824 0.34558824 0.35661765 0.36029412 0.36764706
 0.36764706 0.39338235 0.39338235 0.40073529 0.40073529 0.41911765
 0.41911765 0.44117647 0.44117647 0.44485294 0.44485294 0.45220588
 0.45220588 0.46323529 0.46323529 0.47794118 0.47794118 0.48161765
 0.48161765 0.48529412 0.48529412 0.49264706 0.49264706 0.52941176
 0.52941176 0.54044118 0.54044118 0.54411765 0.54411765 0.55147059
 0.55147059 0.55514706 0.55514706 0.55882353 0.55882353 0.56985294
 0.56985294 0.57352941 0.57352941 0.60661765 0.60661765 0.61764706
 0.61764706 0.62867647 0.62867647 0.63602941 0.63602941 0.65441176
 0.65441176 0.67647059 0.67647059 0.68382353 0.68382353 0.70955882
 0.70955882 0.71323529 0.71323529 0.72794118 0.72794118 0.73161765
 0.73161765 0.76102941 0.76102941 0.76470588 0.76470588 0.78676471
 0.78676471 0.79044118 0.79044118 0.79411765 0.79411765 0.79779412
 0.79779412 0.80514706 0.80514706 0.83455882 0.83455882 0.83823529
 0.83823529 0.85294118 0.85294118 0.86764706 0.86764706 0.87132353
 0.87132353 0.88602941 0.88602941 0.88970588 0.88970588 0.89338235
 0.89338235 0.90073529 0.90073529 0.90441176 0.90441176 0.91911765
 0.91911765 0.92279412 0.92279412 0.93382353 0.93382353 0.9375
 0.9375     0.94117647 0.94117647 0.96691176 0.96691176 0.97058824
 0.97058824 0.98161765 0.98161765 0.98897059 0.98897059 1.
 1.        ]","[0.         0.         0.         0.00369004 0.00369004 0.00738007
 0.00738007 0.0295203  0.0295203  0.03321033 0.03321033 0.03690037
 0.03690037 0.05904059 0.05904059 0.0701107  0.0701107  0.07749077
 0.07749077 0.08118081 0.08118081 0.08487085 0.08487085 0.09225092
 0.09225092 0.09594096 0.09594096 0.099631   0.099631   0.10701107
 0.10701107 0.11439114 0.11439114 0.12915129 0.12915129 0.13284133
 0.13284133 0.14760148 0.14760148 0.16236162 0.16236162 0.16605166
 0.16605166 0.17343173 0.17343173 0.18081181 0.18081181 0.18819188
 0.18819188 0.19557196 0.19557196 0.19926199 0.19926199 0.2103321
 0.2103321  0.22509225 0.22509225 0.23247232 0.23247232 0.24354244
 0.24354244 0.25092251 0.25092251 0.25461255 0.25461255 0.26937269
 0.26937269 0.27306273 0.27306273 0.28413284 0.28413284 0.28782288
 0.28782288 0.30258303 0.30258303 0.31734317 0.31734317 0.32103321
 0.32103321 0.32472325 0.32472325 0.33579336 0.36531365 0.36900369
 0.36900369 0.37638376 0.37638376 0.39483395 0.39483395 0.40221402
 0.40221402 0.43173432 0.43173432 0.43911439 0.43911439 0.44280443
 0.44280443 0.48708487 0.48708487 0.49446494 0.49446494 0.49815498
 0.49815498 0.52767528 0.52767528 0.54243542 0.54243542 0.55719557
 0.55719557 0.57933579 0.57933579 0.59409594 0.59409594 0.61254613
 0.61254613 0.61623616 0.61623616 0.6199262  0.6199262  0.62730627
 0.62730627 0.64575646 0.64575646 0.67527675 0.67527675 0.68634686
 0.68634686 0.6900369  0.6900369  0.70479705 0.70479705 0.70848708
 0.70848708 0.71586716 0.71586716 0.72324723 0.72324723 0.73431734
 0.73431734 0.74169742 0.74169742 0.76383764 0.76383764 0.79335793
 0.79335793 0.81180812 0.81180812 0.81549815 0.81549815 0.81918819
 0.81918819 0.82656827 0.82656827 0.83394834 0.83394834 0.84501845
 0.84501845 0.88560886 0.88560886 0.88929889 0.88929889 0.92250923
 0.92250923 0.93357934 0.93357934 0.93726937 0.93726937 0.94095941
 0.94095941 0.94833948 0.94833948 0.96309963 0.96309963 0.9704797
 0.9704797  0.98523985 0.98523985 1.        ]","[0.         0.00352113 0.00704225 0.00704225 0.02112676 0.02112676
 0.05985915 0.05985915 0.06338028 0.06338028 0.07394366 0.07394366
 0.09507042 0.09507042 0.09859155 0.09859155 0.11619718 0.11619718
 0.11971831 0.11971831 0.12676056 0.12676056 0.13732394 0.13732394
 0.14084507 0.14084507 0.1584507  0.1584507  0.17253521 0.17253521
 0.17605634 0.17605634 0.17957746 0.17957746 0.19014085 0.19014085
 0.1971831  0.1971831  0.20774648 0.20774648 0.21126761 0.21126761
 0.21478873 0.21478873 0.22183099 0.22183099 0.22887324 0.22887324
 0.23239437 0.23239437 0.23591549 0.23591549 0.24295775 0.24295775
 0.24647887 0.24647887 0.25       0.25       0.26408451 0.26408451
 0.26760563 0.26760563 0.27112676 0.27112676 0.27464789 0.27464789
 0.27816901 0.27816901 0.28169014 0.28169014 0.29225352 0.31690141
 0.31690141 0.32746479 0.32746479 0.33450704 0.33450704 0.33802817
 0.33802817 0.34859155 0.34859155 0.36619718 0.36619718 0.36971831
 0.36971831 0.38028169 0.38028169 0.38732394 0.38732394 0.3943662
 0.3943662  0.40492958 0.40492958 0.41549296 0.41549296 0.42605634
 0.42605634 0.42957746 0.42957746 0.44366197 0.44366197 0.46478873
 0.46478873 0.47183099 0.47183099 0.47535211 0.47535211 0.49647887
 0.49647887 0.53873239 0.53873239 0.57042254 0.57042254 0.57394366
 0.57394366 0.58802817 0.58802817 0.59507042 0.59507042 0.59859155
 0.59859155 0.60211268 0.60211268 0.60915493 0.60915493 0.61971831
 0.61971831 0.64788732 0.64788732 0.66901408 0.66901408 0.6971831
 0.6971831  0.71478873 0.71478873 0.71830986 0.71830986 0.72183099
 0.72183099 0.72887324 0.72887324 0.73591549 0.73591549 0.76056338
 0.76056338 0.76760563 0.76760563 0.77112676 0.77112676 0.78521127
 0.78521127 0.82042254 0.82042254 0.8556338  0.8556338  0.86267606
 0.86267606 0.87676056 0.87676056 0.88380282 0.88380282 0.90140845
 0.90140845 0.91197183 0.91197183 0.9471831  0.9471831  0.95422535
 0.95422535 0.95774648 0.95774648 1.        ]","[[0.10701546]
 [0.04700931]
 [0.01482732]
 [0.01537492]
 [0.5946116 ]
 [0.01710568]
 [0.02334159]
 [0.12133496]
 [0.0155696 ]
 [0.02059745]
 [0.01616929]
 [0.01474006]
 [0.05189557]
 [0.45172703]
 [0.02008709]
 [0.04144561]
 [0.02024877]
 [0.02522579]
 [0.01595601]
 [0.02171573]
 [0.6729261 ]
 [0.0151701 ]
 [0.01491184]
 [0.02898979]
 [0.016925  ]
 [0.01470404]
 [0.01473288]
 [0.01577754]
 [0.85672045]
 [0.1816113 ]
 [0.01592484]
 [0.15038137]
 [0.01515918]
 [0.01509198]
 [0.01473491]
 [0.01530329]
 [0.0326643 ]
 [0.06531424]
 [0.90723   ]
 [0.01508475]
 [0.02321944]
 [0.83115155]
 [0.86541384]
 [0.01494783]
 [0.01537994]
 [0.01489906]
 [0.01528214]
 [0.1206964 ]
 [0.0151332 ]
 [0.01933997]
 [0.01489556]
 [0.01544807]
 [0.01504184]
 [0.01482629]
 [0.9433376 ]
 [0.1071728 ]
 [0.01495197]
 [0.9650653 ]
 [0.01778134]
 [0.01468728]
 [0.74279827]
 [0.9191847 ]
 [0.01560822]
 [0.10957074]
 [0.20156798]
 [0.01976217]
 [0.0150789 ]
 [0.3452204 ]
 [0.7817509 ]
 [0.03309143]
 [0.9549654 ]
 [0.02134309]
 [0.32230833]
 [0.9268646 ]
 [0.02268018]
 [0.24861617]
 [0.06099081]
 [0.01653928]
 [0.01698466]
 [0.8134768 ]
 [0.02108151]
 [0.11050375]
 [0.97846895]
 [0.20891489]
 [0.96437764]
 [0.05108841]
 [0.02284277]
 [0.01587352]
 [0.9600931 ]
 [0.92386234]
 [0.02167094]
 [0.03292884]
 [0.01663049]
 [0.6006478 ]
 [0.3458983 ]
 [0.2489291 ]
 [0.01991299]
 [0.77027017]
 [0.36397722]
 [0.09822188]
 [0.03806171]
 [0.20614532]
 [0.6691593 ]
 [0.01532678]
 [0.7109613 ]
 [0.14893067]
 [0.02234274]
 [0.53197896]
 [0.03870993]
 [0.6505503 ]
 [0.2579545 ]
 [0.23924911]
 [0.07293598]
 [0.4405422 ]
 [0.45630103]
 [0.24917533]
 [0.22011414]
 [0.31430045]
 [0.21135008]
 [0.21042961]
 [0.13705724]
 [0.01750957]
 [0.05042156]
 [0.938356  ]
 [0.01526746]
 [0.02834176]
 [0.77867436]
 [0.05607902]
 [0.5909555 ]
 [0.01649507]
 [0.01535764]
 [0.10977843]
 [0.02305224]
 [0.02393217]
 [0.02607752]
 [0.01494741]
 [0.01475435]
 [0.02911729]
 [0.01620033]
 [0.9148684 ]
 [0.9765263 ]
 [0.02629414]
 [0.10761478]
 [0.6725312 ]
 [0.13237377]
 [0.06099081]
 [0.01859473]
 [0.06489623]
 [0.7018298 ]
 [0.05492964]
 [0.7500274 ]
 [0.96473366]
 [0.7640854 ]
 [0.01570937]
 [0.7603437 ]
 [0.51212996]
 [0.03059085]
 [0.04620402]
 [0.19503608]
 [0.01659139]
 [0.05781157]
 [0.01765948]
 [0.7389181 ]
 [0.81436867]
 [0.8559783 ]
 [0.14582014]
 [0.24907456]
 [0.01685545]
 [0.505285  ]
 [0.03077334]
 [0.01881392]
 [0.47484678]
 [0.10864608]
 [0.5487052 ]
 [0.426121  ]
 [0.25360128]
 [0.06989029]
 [0.01506282]
 [0.01575056]
 [0.02333128]
 [0.01575658]
 [0.01524095]
 [0.01853041]
 [0.01499717]
 [0.01597245]
 [0.01486012]
 [0.08748659]
 [0.01506355]
 [0.03130192]
 [0.01498291]
 [0.01484056]
 [0.9682594 ]
 [0.03453771]
 [0.01868506]
 [0.03527329]
 [0.49985257]
 [0.06099081]
 [0.04108122]
 [0.01656682]
 [0.01630511]
 [0.4848109 ]
 [0.17269638]
 [0.8835466 ]
 [0.10196295]
 [0.01574275]
 [0.03363466]
 [0.0155008 ]
 [0.07973172]
 [0.95722437]
 [0.04001856]
 [0.62110955]
 [0.9495404 ]
 [0.02261506]
 [0.01610102]
 [0.78500706]
 [0.7768871 ]
 [0.01645628]
 [0.9727869 ]
 [0.89802206]
 [0.4882677 ]
 [0.96430117]
 [0.6718693 ]
 [0.8314668 ]
 [0.89161927]
 [0.53773016]
 [0.94371223]
 [0.76794857]
 [0.8804855 ]
 [0.12443067]
 [0.91388035]
 [0.78773534]
 [0.9629377 ]
 [0.01752377]
 [0.11605206]
 [0.03704204]
 [0.33489603]
 [0.31211382]
 [0.96446866]
 [0.9335947 ]
 [0.64391947]
 [0.09403405]
 [0.6511465 ]
 [0.68869644]
 [0.5793093 ]
 [0.08896992]
 [0.05160505]
 [0.8865637 ]
 [0.02732017]
 [0.3623184 ]
 [0.01499135]
 [0.6310926 ]
 [0.9424539 ]
 [0.94898653]
 [0.83153635]
 [0.9744669 ]
 [0.93545693]
 [0.9683487 ]
 [0.70351505]
 [0.97518367]
 [0.02004143]
 [0.6371176 ]
 [0.10805098]
 [0.01540307]
 [0.8762013 ]
 [0.9586687 ]
 [0.01492876]
 [0.25210637]
 [0.3429362 ]
 [0.97589934]
 [0.978132  ]
 [0.941739  ]
 [0.97556144]
 [0.35481155]
 [0.881301  ]
 [0.2476869 ]
 [0.6987464 ]
 [0.02011837]
 [0.89860415]
 [0.58187014]
 [0.37619424]
 [0.80655646]
 [0.35149422]
 [0.02221386]
 [0.72130585]
 [0.1580667 ]
 [0.3896269 ]
 [0.7062153 ]
 [0.02714525]
 [0.13411684]
 [0.97457135]
 [0.18507466]
 [0.94768465]
 [0.9106634 ]
 [0.913088  ]
 [0.92858744]
 [0.9272633 ]
 [0.08694769]
 [0.72553235]
 [0.97645175]
 [0.09493397]
 [0.84570175]
 [0.87402403]
 [0.01499475]
 [0.96856993]
 [0.95724565]
 [0.9618537 ]
 [0.20586625]
 [0.7992849 ]
 [0.9685062 ]
 [0.04798978]
 [0.03294472]
 [0.85068154]
 [0.21244523]
 [0.7279459 ]
 [0.01700473]
 [0.9668861 ]
 [0.9656582 ]
 [0.06099081]
 [0.1324783 ]
 [0.01864033]
 [0.9793131 ]
 [0.9718124 ]
 [0.06099081]
 [0.0180364 ]
 [0.55893344]
 [0.47157648]
 [0.01530551]
 [0.0458145 ]
 [0.8570314 ]
 [0.4754426 ]
 [0.03750246]
 [0.28359452]
 [0.60623306]
 [0.02927642]
 [0.93989027]
 [0.74113125]
 [0.9555042 ]
 [0.9577881 ]
 [0.01533408]
 [0.01562629]
 [0.03761051]
 [0.5791159 ]
 [0.25174925]
 [0.8245885 ]
 [0.79848826]
 [0.33237433]
 [0.7146465 ]
 [0.6964095 ]
 [0.34377432]
 [0.46391636]
 [0.51694417]
 [0.47763833]
 [0.16789253]
 [0.9224704 ]
 [0.45883942]
 [0.40266582]
 [0.70110554]
 [0.33709565]
 [0.9156089 ]
 [0.313985  ]
 [0.05931507]
 [0.34058902]
 [0.26949772]
 [0.21372633]
 [0.02504318]
 [0.19756617]
 [0.10471708]
 [0.01737037]
 [0.06211023]
 [0.04582936]
 [0.17679785]
 [0.9419157 ]
 [0.6984344 ]
 [0.11288912]
 [0.32495946]
 [0.9262901 ]
 [0.03573562]
 [0.5628236 ]
 [0.04702963]
 [0.03087592]
 [0.4097353 ]
 [0.88430256]
 [0.01522986]
 [0.4697896 ]
 [0.01550144]
 [0.02854561]
 [0.0239894 ]
 [0.01491263]
 [0.93884885]
 [0.809631  ]
 [0.91916895]
 [0.01523412]
 [0.97604764]
 [0.21887675]
 [0.15208527]
 [0.97528267]
 [0.82789606]
 [0.0283545 ]
 [0.95236075]
 [0.01843822]
 [0.01623867]
 [0.04325736]
 [0.04721918]
 [0.81092626]
 [0.0694512 ]
 [0.9012808 ]
 [0.3846811 ]
 [0.20623457]
 [0.8785852 ]
 [0.03225969]
 [0.53296655]
 [0.0429716 ]
 [0.02708252]
 [0.94676226]
 [0.4497268 ]
 [0.02287229]
 [0.36768577]
 [0.02631779]]","[[0.6299549 ]
 [0.09236246]
 [0.11469782]
 [0.2587389 ]
 [0.03496175]
 [0.16462909]
 [0.05124818]
 [0.17336126]
 [0.28647777]
 [0.14752932]
 [0.22633469]
 [0.8337901 ]
 [0.6043651 ]
 [0.1930919 ]
 [0.08076017]
 [0.30840054]
 [0.37394705]
 [0.4141577 ]
 [0.03896365]
 [0.19916141]
 [0.14420383]
 [0.09091348]
 [0.14837974]
 [0.14450626]
 [0.4121894 ]
 [0.21287939]
 [0.03558147]
 [0.05771102]
 [0.03165198]
 [0.0341825 ]
 [0.32620022]
 [0.08051881]
 [0.08222266]
 [0.2690758 ]
 [0.74280846]
 [0.03333228]
 [0.6952973 ]
 [0.06059504]
 [0.06296826]
 [0.8634948 ]
 [0.08433419]
 [0.2606446 ]
 [0.6698437 ]
 [0.8610336 ]
 [0.08471566]
 [0.03502034]
 [0.32184678]
 [0.06170127]
 [0.08051881]
 [0.84968853]
 [0.24156791]
 [0.38401487]
 [0.04956908]
 [0.03266975]
 [0.03216869]
 [0.03889025]
 [0.03086884]
 [0.8825443 ]
 [0.03162929]
 [0.03333608]
 [0.03118828]
 [0.03816173]
 [0.6362447 ]
 [0.0310418 ]
 [0.48053372]
 [0.03166578]
 [0.03118243]
 [0.4258162 ]
 [0.10788456]
 [0.03204421]
 [0.05301537]
 [0.04241327]
 [0.0313721 ]
 [0.20730115]
 [0.03288224]
 [0.38468733]
 [0.03133353]
 [0.71143955]
 [0.28708825]
 [0.05248919]
 [0.0443672 ]
 [0.07236248]
 [0.05489681]
 [0.79184264]
 [0.2332903 ]
 [0.30846623]
 [0.55680656]
 [0.8650588 ]
 [0.03955817]
 [0.6913523 ]
 [0.30456635]
 [0.05253104]
 [0.04326157]
 [0.03909985]
 [0.5377291 ]
 [0.08051881]
 [0.17768882]
 [0.32672012]
 [0.38012874]
 [0.05130256]
 [0.06794591]
 [0.0722449 ]
 [0.27600044]
 [0.8320158 ]
 [0.21734515]
 [0.25541317]
 [0.04182333]
 [0.8419896 ]
 [0.23700288]
 [0.18579386]
 [0.10697373]
 [0.07418351]
 [0.3488875 ]
 [0.0365695 ]
 [0.43734315]
 [0.54884565]
 [0.73506576]
 [0.10352477]
 [0.10472031]
 [0.03943002]
 [0.05408212]
 [0.45598245]
 [0.03094309]
 [0.03085545]
 [0.3369639 ]
 [0.51156265]
 [0.49317786]
 [0.03113684]
 [0.03068376]
 [0.05981961]
 [0.04036557]
 [0.03359019]
 [0.27809098]
 [0.16774228]
 [0.24056761]
 [0.35730353]
 [0.03503084]
 [0.06480673]
 [0.06344362]
 [0.17375118]
 [0.03575822]
 [0.22981636]
 [0.69357145]
 [0.04490951]
 [0.13178964]
 [0.03080325]
 [0.39705688]
 [0.88677794]
 [0.03963718]
 [0.05762189]
 [0.62774557]
 [0.5409523 ]
 [0.16561493]
 [0.0366279 ]
 [0.5213547 ]
 [0.06128839]
 [0.6343417 ]
 [0.5745109 ]
 [0.34958097]
 [0.6409464 ]
 [0.04849859]
 [0.05212232]
 [0.32552546]
 [0.53500587]
 [0.7261805 ]
 [0.56101567]
 [0.3911961 ]
 [0.81256443]
 [0.7568451 ]
 [0.2543304 ]
 [0.2228515 ]
 [0.6009797 ]
 [0.53226465]
 [0.03309352]
 [0.08051881]
 [0.66804534]
 [0.06533529]
 [0.05270622]
 [0.04273244]
 [0.40967867]
 [0.08352885]
 [0.07449311]
 [0.50240463]
 [0.03169104]
 [0.44518766]
 [0.38397646]
 [0.62247056]
 [0.5097612 ]
 [0.44204125]
 [0.03229072]
 [0.08697557]
 [0.5909869 ]
 [0.57725966]
 [0.6340207 ]
 [0.17382061]
 [0.65248525]
 [0.25500798]
 [0.03797172]
 [0.06895411]
 [0.03691687]
 [0.7601955 ]
 [0.03257974]
 [0.03304679]
 [0.08051881]
 [0.03725855]
 [0.08330514]
 [0.05627348]
 [0.05384576]
 [0.15439264]
 [0.09023092]
 [0.11052834]
 [0.19116507]
 [0.55564845]
 [0.7806986 ]
 [0.10434516]
 [0.5784032 ]
 [0.57031345]
 [0.73802245]
 [0.7282383 ]
 [0.48449507]
 [0.71522343]
 [0.7896473 ]
 [0.7023963 ]
 [0.81086093]
 [0.72029346]
 [0.37186393]
 [0.65041006]
 [0.6523755 ]
 [0.393167  ]
 [0.32605734]
 [0.3658987 ]
 [0.6803085 ]
 [0.16946708]
 [0.42363507]
 [0.5199993 ]
 [0.82786614]
 [0.04664464]
 [0.20666373]
 [0.4794203 ]
 [0.83660984]
 [0.29664144]
 [0.25431085]
 [0.81745386]
 [0.20140731]
 [0.23265648]
 [0.6545697 ]
 [0.21946704]
 [0.03806688]
 [0.04051989]
 [0.14495173]
 [0.8250261 ]
 [0.03453331]
 [0.09028054]
 [0.04736578]
 [0.5286769 ]
 [0.81151783]
 [0.36523935]
 [0.69477034]
 [0.43203396]
 [0.8386369 ]
 [0.03861523]
 [0.62745184]
 [0.7935967 ]
 [0.8103104 ]
 [0.35101727]
 [0.13846946]
 [0.6828628 ]
 [0.25980553]
 [0.7112831 ]
 [0.7217784 ]
 [0.53207034]
 [0.77854806]
 [0.1569342 ]
 [0.6929543 ]
 [0.55275387]
 [0.82201916]
 [0.6224653 ]
 [0.24099389]
 [0.27946782]
 [0.5314591 ]
 [0.7783879 ]
 [0.04044344]
 [0.7419352 ]
 [0.7209324 ]
 [0.7501279 ]
 [0.8575428 ]
 [0.03323076]
 [0.08727951]
 [0.87732315]
 [0.1166518 ]
 [0.45894572]
 [0.70435375]
 [0.72443277]
 [0.23587419]
 [0.6517603 ]
 [0.48455033]
 [0.8710839 ]
 [0.07070287]
 [0.72657907]
 [0.03333585]
 [0.42611226]
 [0.6593793 ]
 [0.21361426]
 [0.28873992]
 [0.08051881]
 [0.8753789 ]
 [0.10313151]
 [0.44772643]
 [0.08051881]
 [0.12018184]
 [0.84712476]
 [0.7557901 ]
 [0.22317386]
 [0.7377257 ]
 [0.6514787 ]
 [0.3268735 ]
 [0.8080943 ]
 [0.48099178]
 [0.08051881]
 [0.72961533]
 [0.63532674]
 [0.08051881]
 [0.38996512]
 [0.4601797 ]
 [0.87232745]
 [0.29577103]
 [0.3101899 ]
 [0.03566436]
 [0.6610665 ]
 [0.08617629]
 [0.04676876]
 [0.07169774]
 [0.30029818]
 [0.05089813]
 [0.06561821]
 [0.11841899]
 [0.03427777]
 [0.17783643]
 [0.16501291]
 [0.03602682]
 [0.0906266 ]
 [0.1873778 ]
 [0.03222718]
 [0.08731496]
 [0.58232963]
 [0.05361206]
 [0.16153067]
 [0.14259729]
 [0.10994712]
 [0.511981  ]
 [0.25356004]
 [0.16715539]
 [0.28925484]
 [0.15506336]
 [0.13905537]
 [0.270302  ]
 [0.12534326]
 [0.23162457]
 [0.5309402 ]
 [0.46758023]
 [0.09737113]
 [0.4126482 ]
 [0.37493587]
 [0.36046398]
 [0.65750194]
 [0.3316987 ]
 [0.42815334]
 [0.06276952]
 [0.20478456]
 [0.1254698 ]
 [0.8038166 ]
 [0.03474881]
 [0.73235947]
 [0.05719283]
 [0.04107469]
 [0.03862615]
 [0.0818051 ]
 [0.77170444]
 [0.04167977]
 [0.03916228]
 [0.09705485]
 [0.21433344]
 [0.61309326]
 [0.66944957]
 [0.06769654]
 [0.80363023]
 [0.8345517 ]
 [0.05294906]
 [0.40485644]
 [0.09967159]
 [0.13624586]
 [0.8731094 ]
 [0.34072763]
 [0.67649555]
 [0.49329624]
 [0.7049556 ]
 [0.40357825]
 [0.12230776]
 [0.06867763]
 [0.78408474]
 [0.08051616]
 [0.7451024 ]
 [0.08051616]
 [0.6988934 ]
 [0.13890487]
 [0.0749187 ]
 [0.39715236]
 [0.8008614 ]
 [0.09550513]
 [0.8814821 ]
 [0.24197395]
 [0.5559775 ]
 [0.32306525]
 [0.6605872 ]
 [0.17610589]
 [0.8238485 ]
 [0.12487518]
 [0.16575438]]","[[0.02650243]
 [0.03392776]
 [0.03714833]
 [0.00857152]
 [0.06371655]
 [0.4219772 ]
 [0.12056155]
 [0.13246135]
 [0.04640195]
 [0.10965499]
 [0.45326954]
 [0.84211844]
 [0.01566455]
 [0.0818716 ]
 [0.16349964]
 [0.12961608]
 [0.37854105]
 [0.3893356 ]
 [0.33977553]
 [0.05444315]
 [0.07768341]
 [0.05028557]
 [0.09191594]
 [0.92476285]
 [0.61565065]
 [0.01839289]
 [0.6812361 ]
 [0.00896567]
 [0.01726067]
 [0.0099881 ]
 [0.83377594]
 [0.01878013]
 [0.7111348 ]
 [0.0114363 ]
 [0.42464486]
 [0.0095716 ]
 [0.9820655 ]
 [0.01268698]
 [0.01120534]
 [0.01061346]
 [0.0099492 ]
 [0.02400793]
 [0.01408895]
 [0.26753664]
 [0.11327483]
 [0.94926924]
 [0.0140731 ]
 [0.8967459 ]
 [0.90845215]
 [0.0361318 ]
 [0.22226593]
 [0.985829  ]
 [0.01129544]
 [0.30755702]
 [0.76469165]
 [0.90158796]
 [0.13542487]
 [0.07676768]
 [0.02422652]
 [0.00982825]
 [0.01114151]
 [0.30691066]
 [0.03952574]
 [0.12696917]
 [0.0099297 ]
 [0.9842175 ]
 [0.01332826]
 [0.88034797]
 [0.93758976]
 [0.47867867]
 [0.888906  ]
 [0.00946288]
 [0.01696045]
 [0.98251706]
 [0.09777698]
 [0.42350042]
 [0.02126922]
 [0.9774327 ]
 [0.98055756]
 [0.01631396]
 [0.2231657 ]
 [0.01669795]
 [0.01030392]
 [0.9696279 ]
 [0.0093912 ]
 [0.0417002 ]
 [0.02211267]
 [0.027033  ]
 [0.74155265]
 [0.9063257 ]
 [0.02555404]
 [0.01480216]
 [0.9669926 ]
 [0.03840293]
 [0.00949201]
 [0.01542696]
 [0.01174027]
 [0.02831673]
 [0.9853805 ]
 [0.01316422]
 [0.01075081]
 [0.12273686]
 [0.05508377]
 [0.14623827]
 [0.6757621 ]
 [0.01271844]
 [0.00943436]
 [0.01540966]
 [0.04870264]
 [0.09376428]
 [0.8818184 ]
 [0.01800216]
 [0.00930533]
 [0.01234005]
 [0.02354751]
 [0.0119218 ]
 [0.04885539]
 [0.9613484 ]
 [0.01409997]
 [0.03328183]
 [0.01606255]
 [0.8964072 ]
 [0.01854394]
 [0.14923924]
 [0.03380771]
 [0.08858047]
 [0.01593775]
 [0.05646905]
 [0.98901397]
 [0.3510871 ]
 [0.02661062]
 [0.10746439]
 [0.04297154]
 [0.34384003]
 [0.01959815]
 [0.9595192 ]
 [0.0097436 ]
 [0.02218602]
 [0.18431692]
 [0.02301657]
 [0.97811675]
 [0.01058363]
 [0.03915473]
 [0.03594078]
 [0.8457259 ]
 [0.9837826 ]
 [0.655281  ]
 [0.01461742]
 [0.95611   ]
 [0.00940788]
 [0.96271485]
 [0.98665094]
 [0.7090618 ]
 [0.64646906]
 [0.01094558]
 [0.02534889]
 [0.00952534]
 [0.19250469]
 [0.8984947 ]
 [0.01084007]
 [0.00964821]
 [0.02068243]
 [0.98471665]
 [0.16045387]
 [0.00889906]
 [0.41180396]
 [0.01751404]
 [0.0092565 ]
 [0.01103985]
 [0.01029077]
 [0.00870355]
 [0.00978106]
 [0.01175338]
 [0.14623827]
 [0.9166606 ]
 [0.02869477]
 [0.0111328 ]
 [0.00895467]
 [0.01408807]
 [0.0080488 ]
 [0.8465769 ]
 [0.00909517]
 [0.00813379]
 [0.0114782 ]
 [0.06999732]
 [0.02460037]
 [0.01986578]
 [0.0719382 ]
 [0.00841521]
 [0.9863427 ]
 [0.8666082 ]
 [0.9392669 ]
 [0.03389169]
 [0.01992774]
 [0.01001833]
 [0.02354063]
 [0.01408126]
 [0.0400659 ]
 [0.01264011]
 [0.0121575 ]
 [0.1712483 ]
 [0.00968249]
 [0.07303658]
 [0.01200942]
 [0.98026353]
 [0.02646145]
 [0.9813277 ]
 [0.9225203 ]
 [0.01148185]
 [0.01752539]
 [0.01120349]
 [0.88175344]
 [0.00958504]
 [0.01015708]
 [0.01002405]
 [0.02492087]
 [0.01952193]
 [0.01088026]
 [0.02826858]
 [0.01127344]
 [0.9194457 ]
 [0.25906393]
 [0.00860101]
 [0.1444338 ]
 [0.69462425]
 [0.90822494]
 [0.01275519]
 [0.011745  ]
 [0.97882336]
 [0.2099071 ]
 [0.01978842]
 [0.02328679]
 [0.98647726]
 [0.3436049 ]
 [0.36609498]
 [0.02472   ]
 [0.9651219 ]
 [0.01346014]
 [0.9810575 ]
 [0.0179264 ]
 [0.01822075]
 [0.00817588]
 [0.9871552 ]
 [0.00991866]
 [0.41836783]
 [0.98198915]
 [0.7253867 ]
 [0.02414806]
 [0.01338458]
 [0.00811382]
 [0.00983729]
 [0.01269639]
 [0.88359046]
 [0.97708863]
 [0.00975092]
 [0.98442245]
 [0.07233727]
 [0.00910331]
 [0.9759162 ]
 [0.0334144 ]
 [0.01314819]
 [0.06480191]
 [0.08471163]
 [0.05020497]
 [0.08522383]
 [0.9838516 ]
 [0.98400766]
 [0.96210134]
 [0.24841969]
 [0.06912191]
 [0.06201833]
 [0.52531826]
 [0.01124802]
 [0.00935403]
 [0.9665982 ]
 [0.01301558]
 [0.9731222 ]
 [0.04249461]
 [0.25810707]
 [0.45062545]
 [0.06295896]
 [0.0129842 ]
 [0.01065765]
 [0.06941384]
 [0.01025076]
 [0.15379329]
 [0.25305757]
 [0.12183541]
 [0.76672924]
 [0.01961628]
 [0.9767935 ]
 [0.01076653]
 [0.987053  ]
 [0.9765479 ]
 [0.00943543]
 [0.87090904]
 [0.98375434]
 [0.73346734]
 [0.0215965 ]
 [0.05067719]
 [0.01191518]
 [0.3365582 ]
 [0.01528182]
 [0.01262809]
 [0.9869239 ]
 [0.27769884]
 [0.9892725 ]
 [0.014412  ]
 [0.9605819 ]
 [0.0483176 ]
 [0.9883469 ]
 [0.98093   ]
 [0.1284254 ]
 [0.9051102 ]
 [0.06168408]
 [0.01196511]
 [0.10915097]
 [0.24511397]
 [0.5322808 ]
 [0.08633611]
 [0.9810441 ]
 [0.01117119]
 [0.15137854]
 [0.53632236]
 [0.01223986]
 [0.01516662]
 [0.10177829]
 [0.16046093]
 [0.5022448 ]
 [0.9869221 ]
 [0.16988276]
 [0.94812727]
 [0.03384673]
 [0.01029512]
 [0.05452581]
 [0.0142241 ]
 [0.01067415]
 [0.9870652 ]
 [0.03144962]
 [0.02318886]
 [0.9776668 ]
 [0.02482489]
 [0.02146642]
 [0.37122524]
 [0.9806882 ]
 [0.19588287]
 [0.94166297]
 [0.95474267]
 [0.01287006]
 [0.00987689]
 [0.94268215]
 [0.01383915]
 [0.01047689]
 [0.9482845 ]
 [0.02308146]
 [0.04597893]
 [0.01186962]
 [0.0141511 ]
 [0.02026707]
 [0.00905227]
 [0.0132386 ]
 [0.00914149]
 [0.00831172]
 [0.8945589 ]
 [0.01881495]
 [0.00804253]
 [0.02418862]
 [0.04815775]
 [0.98122853]
 [0.54595613]
 [0.46017352]
 [0.16795115]
 [0.08538117]
 [0.44988453]
 [0.01626787]
 [0.01288696]
 [0.882987  ]
 [0.98382896]
 [0.9769644 ]
 [0.7232449 ]
 [0.01042517]
 [0.9842344 ]
 [0.44257185]
 [0.7571701 ]
 [0.01060901]
 [0.01098064]
 [0.0111548 ]
 [0.01108188]
 [0.01002021]
 [0.0101474 ]
 [0.8454946 ]
 [0.06596367]
 [0.00975787]
 [0.98390436]
 [0.01270737]
 [0.28124604]
 [0.00982062]
 [0.98549557]
 [0.8444941 ]
 [0.00950604]
 [0.0114329 ]
 [0.01233802]
 [0.14627387]
 [0.01380329]
 [0.01209261]
 [0.98605376]
 [0.05984061]
 [0.04202472]
 [0.01207968]
 [0.98835737]
 [0.01509959]
 [0.01357151]
 [0.97112435]
 [0.9803187 ]
 [0.03699607]
 [0.9573331 ]
 [0.9823888 ]
 [0.9498142 ]]","[[0.55777097]
 [0.64544314]
 [0.03769838]
 [0.742379  ]
 [0.04177564]
 [0.48310494]
 [0.4067921 ]
 [0.27313304]
 [0.6695248 ]
 [0.64865166]
 [0.2912568 ]
 [0.5269354 ]
 [0.03740983]
 [0.53038514]
 [0.05652054]
 [0.12375887]
 [0.08149252]
 [0.9293383 ]
 [0.06173214]
 [0.02340323]
 [0.12985705]
 [0.04857211]
 [0.02805861]
 [0.07133468]
 [0.2631983 ]
 [0.2889873 ]
 [0.19009688]
 [0.05069137]
 [0.04168041]
 [0.07564348]
 [0.20290011]
 [0.16019812]
 [0.13179159]
 [0.136298  ]
 [0.18820825]
 [0.08214929]
 [0.1403449 ]
 [0.19636634]
 [0.02288306]
 [0.0384418 ]
 [0.14660233]
 [0.07039778]
 [0.05215906]
 [0.02545652]
 [0.6422016 ]
 [0.02620883]
 [0.06779464]
 [0.5469847 ]
 [0.11737852]
 [0.03111554]
 [0.48891467]
 [0.0530377 ]
 [0.1667402 ]
 [0.10618502]
 [0.03374691]
 [0.05568909]
 [0.22330093]
 [0.03027005]
 [0.0444748 ]
 [0.38359424]
 [0.36407095]
 [0.94224805]
 [0.16376205]
 [0.7708132 ]
 [0.48891467]
 [0.03593495]
 [0.48891467]
 [0.0774198 ]
 [0.48891467]
 [0.4187404 ]
 [0.6829777 ]
 [0.6159997 ]
 [0.02687713]
 [0.11505909]
 [0.8417846 ]
 [0.06868671]
 [0.8621414 ]
 [0.02403341]
 [0.9271656 ]
 [0.03027869]
 [0.0294727 ]
 [0.13965689]
 [0.04047417]
 [0.66910005]
 [0.18661244]
 [0.08243365]
 [0.02144403]
 [0.02695082]
 [0.65963554]
 [0.02271939]
 [0.5616111 ]
 [0.6445817 ]
 [0.11646342]
 [0.2594331 ]
 [0.18539554]
 [0.3356678 ]
 [0.04872432]
 [0.6309108 ]
 [0.02465278]
 [0.02382905]
 [0.85749966]
 [0.26334587]
 [0.03352941]
 [0.74892247]
 [0.06443815]
 [0.74649066]
 [0.0676034 ]
 [0.02170292]
 [0.03324553]
 [0.06149367]
 [0.3123452 ]
 [0.66160697]
 [0.02533891]
 [0.07021103]
 [0.2861727 ]
 [0.40625224]
 [0.89348423]
 [0.20960847]
 [0.2123092 ]
 [0.67759126]
 [0.80526483]
 [0.05361145]
 [0.05860952]
 [0.06039719]
 [0.77355707]
 [0.15815832]
 [0.05816387]
 [0.56791586]
 [0.20957793]
 [0.18888278]
 [0.91917014]
 [0.0457348 ]
 [0.14839068]
 [0.56111884]
 [0.7330121 ]
 [0.37601238]
 [0.0501557 ]
 [0.5795971 ]
 [0.69881755]
 [0.12972435]
 [0.06198961]
 [0.40254965]
 [0.2647317 ]
 [0.19996293]
 [0.19792321]
 [0.36746427]
 [0.390398  ]
 [0.4989918 ]
 [0.25374642]
 [0.16964401]
 [0.04960766]
 [0.3079256 ]
 [0.28065026]
 [0.26311943]
 [0.22754632]
 [0.13200718]
 [0.11319055]
 [0.19576831]
 [0.26945025]
 [0.09741765]
 [0.18332131]
 [0.1903695 ]
 [0.12985949]
 [0.12878871]
 [0.06486064]
 [0.48916486]
 [0.1893322 ]
 [0.10841063]
 [0.03651537]
 [0.42495698]
 [0.16192713]
 [0.45842174]
 [0.11263449]
 [0.09392769]
 [0.52311313]
 [0.11195291]
 [0.35422042]
 [0.18697973]
 [0.07201277]
 [0.52258605]
 [0.37651247]
 [0.4330856 ]
 [0.48891467]
 [0.06354585]
 [0.07772439]
 [0.09833755]
 [0.06261526]
 [0.14773162]
 [0.24447665]
 [0.03881607]
 [0.5496221 ]
 [0.02280919]
 [0.23661184]
 [0.11145093]
 [0.09431235]
 [0.4562305 ]
 [0.52839357]
 [0.5351152 ]
 [0.35356015]
 [0.6995352 ]
 [0.02467247]
 [0.0298782 ]
 [0.07870525]
 [0.10604218]
 [0.02246864]
 [0.03081447]
 [0.0415019 ]
 [0.6543459 ]
 [0.42603028]
 [0.8090399 ]
 [0.7831095 ]
 [0.03757959]
 [0.44062147]
 [0.66826344]
 [0.82826316]
 [0.65092367]
 [0.55799747]
 [0.33429217]
 [0.35355538]
 [0.51209474]
 [0.4451414 ]
 [0.70407236]
 [0.12822327]
 [0.55535746]
 [0.6279688 ]
 [0.68249685]
 [0.519074  ]
 [0.66561323]
 [0.6107727 ]
 [0.70308036]
 [0.7423478 ]
 [0.6891214 ]
 [0.6848689 ]
 [0.50772226]
 [0.8037556 ]
 [0.728471  ]
 [0.6749014 ]
 [0.44486436]
 [0.68427134]
 [0.56263644]
 [0.6416015 ]
 [0.79767704]
 [0.04157396]
 [0.05792462]
 [0.09818341]
 [0.5295557 ]
 [0.7403448 ]
 [0.6399454 ]
 [0.7028    ]
 [0.15647034]
 [0.64997035]
 [0.10864116]
 [0.7777597 ]
 [0.6621585 ]
 [0.6764942 ]
 [0.56035674]
 [0.70144504]
 [0.7707889 ]
 [0.59059626]
 [0.6319324 ]
 [0.56747246]
 [0.51484007]
 [0.42124048]
 [0.5300156 ]
 [0.11382575]
 [0.22214228]
 [0.27930838]
 [0.0432462 ]
 [0.64893997]
 [0.0605627 ]
 [0.43889454]
 [0.7666172 ]
 [0.58464086]
 [0.6435456 ]
 [0.654957  ]
 [0.27003208]
 [0.75464356]
 [0.5284732 ]
 [0.5860133 ]
 [0.76421255]
 [0.52728647]
 [0.699597  ]
 [0.10600317]
 [0.538856  ]
 [0.7470952 ]
 [0.4788928 ]
 [0.5482347 ]
 [0.03942908]
 [0.6901334 ]
 [0.6984955 ]
 [0.5772683 ]
 [0.6467857 ]
 [0.09481656]
 [0.47903204]
 [0.75348735]
 [0.5147398 ]
 [0.7696335 ]
 [0.42895904]
 [0.14372638]
 [0.46582592]
 [0.78512466]
 [0.67507905]
 [0.4081109 ]
 [0.14864516]
 [0.73491204]
 [0.74634176]
 [0.7523808 ]
 [0.1797117 ]
 [0.48891467]
 [0.407032  ]
 [0.8323907 ]
 [0.85211605]
 [0.79258233]
 [0.80524236]
 [0.8131772 ]
 [0.80373955]
 [0.81636155]
 [0.7581845 ]
 [0.68270123]
 [0.652441  ]
 [0.62344545]
 [0.8867891 ]
 [0.48891467]
 [0.93921685]
 [0.8427025 ]
 [0.84726524]
 [0.1777013 ]
 [0.8609791 ]
 [0.91653615]
 [0.8447625 ]
 [0.15771209]
 [0.7415659 ]
 [0.83481735]
 [0.9355844 ]
 [0.7718926 ]
 [0.06075196]
 [0.84449035]
 [0.03894753]
 [0.07939767]
 [0.02588269]
 [0.8891887 ]
 [0.02789168]
 [0.84102434]
 [0.9055762 ]
 [0.02527999]
 [0.5961752 ]
 [0.94581765]
 [0.074201  ]
 [0.16583939]
 [0.50402975]
 [0.38195494]
 [0.3699307 ]
 [0.89143044]
 [0.73805165]
 [0.02526882]
 [0.30018678]
 [0.7998646 ]
 [0.03458093]
 [0.26883072]
 [0.8322903 ]
 [0.4973692 ]
 [0.63456047]
 [0.5903587 ]
 [0.84891194]
 [0.9058913 ]
 [0.8764195 ]
 [0.70777947]
 [0.20013633]
 [0.06349181]
 [0.68187374]
 [0.0668414 ]
 [0.04374345]
 [0.05702861]
 [0.94903386]
 [0.82701206]
 [0.2103807 ]
 [0.9367194 ]
 [0.06658564]
 [0.05457063]
 [0.15110746]
 [0.48891467]
 [0.15704603]
 [0.42194188]
 [0.3803274 ]
 [0.9379288 ]
 [0.8360076 ]
 [0.48898202]
 [0.43246615]
 [0.09394993]
 [0.580192  ]
 [0.57465374]
 [0.8261099 ]
 [0.9470343 ]
 [0.85563064]
 [0.76059496]
 [0.18696465]
 [0.36427417]
 [0.08463585]
 [0.1113069 ]
 [0.13239688]
 [0.02808456]
 [0.89215636]
 [0.08536716]
 [0.9411579 ]
 [0.11785397]
 [0.38418946]
 [0.05088716]
 [0.63977695]
 [0.04415258]
 [0.02444471]
 [0.06806298]
 [0.78943104]
 [0.02857259]
 [0.906889  ]
 [0.03117574]
 [0.66596997]
 [0.02656765]
 [0.02728225]]","[[0.18753831]
 [0.12018683]
 [0.91682756]
 [0.01203153]
 [0.0632614 ]
 [0.11382713]
 [0.01306291]
 [0.45296445]
 [0.9778893 ]
 [0.11509788]
 [0.01311922]
 [0.01227459]
 [0.01249779]
 [0.09625703]
 [0.01245229]
 [0.9767104 ]
 [0.02912571]
 [0.06315823]
 [0.01533057]
 [0.9127631 ]
 [0.01449573]
 [0.04091028]
 [0.2536537 ]
 [0.23810785]
 [0.19397855]
 [0.01773922]
 [0.7332425 ]
 [0.45119166]
 [0.82199043]
 [0.01313464]
 [0.01749932]
 [0.02671587]
 [0.01537837]
 [0.01359911]
 [0.01861076]
 [0.01989928]
 [0.01322647]
 [0.03383636]
 [0.07030578]
 [0.97571665]
 [0.35031235]
 [0.03592245]
 [0.03619486]
 [0.63737196]
 [0.82219267]
 [0.06124085]
 [0.04976012]
 [0.01380191]
 [0.01510846]
 [0.95483124]
 [0.971244  ]
 [0.9519205 ]
 [0.03398798]
 [0.01332473]
 [0.09898128]
 [0.01844126]
 [0.01531436]
 [0.9820701 ]
 [0.033242  ]
 [0.10846501]
 [0.07149399]
 [0.3481635 ]
 [0.01243499]
 [0.2288636 ]
 [0.04779924]
 [0.03210587]
 [0.9828933 ]
 [0.9497738 ]
 [0.981935  ]
 [0.48546848]
 [0.3811965 ]
 [0.39878005]
 [0.01276645]
 [0.01341474]
 [0.01717323]
 [0.01193037]
 [0.0432135 ]
 [0.0151924 ]
 [0.01552053]
 [0.01739213]
 [0.01284275]
 [0.01561664]
 [0.01462516]
 [0.01252481]
 [0.9247247 ]
 [0.07607612]
 [0.02125025]
 [0.1444676 ]
 [0.02525847]
 [0.01460746]
 [0.01323754]
 [0.01766074]
 [0.0218894 ]
 [0.92259234]
 [0.01888942]
 [0.02747632]
 [0.92081046]
 [0.4016886 ]
 [0.96320343]
 [0.01688379]
 [0.02798553]
 [0.01230784]
 [0.0128491 ]
 [0.01294187]
 [0.01233667]
 [0.01467301]
 [0.21070297]
 [0.01870759]
 [0.9659135 ]
 [0.23906305]
 [0.02135701]
 [0.03331717]
 [0.01232915]
 [0.05544589]
 [0.01222672]
 [0.01243875]
 [0.66683584]
 [0.07746574]
 [0.01229441]
 [0.01413308]
 [0.9709081 ]
 [0.0956047 ]
 [0.01223736]
 [0.01212432]
 [0.08862891]
 [0.0136703 ]
 [0.01286544]
 [0.8733548 ]
 [0.01262313]
 [0.01241309]
 [0.07792477]
 [0.9664237 ]
 [0.01260416]
 [0.12583622]
 [0.0488526 ]
 [0.07314834]
 [0.02546579]
 [0.06872035]
 [0.01330058]
 [0.06696165]
 [0.0168673 ]
 [0.02106658]
 [0.67657155]
 [0.03371736]
 [0.3717905 ]
 [0.03277399]
 [0.02442271]
 [0.04558283]
 [0.07753076]
 [0.0128545 ]
 [0.0120468 ]
 [0.06647598]
 [0.9726615 ]
 [0.01303535]
 [0.01237865]
 [0.96846694]
 [0.2288636 ]
 [0.01269854]
 [0.9687289 ]
 [0.01253929]
 [0.09665196]
 [0.01348074]
 [0.01266341]
 [0.50072247]
 [0.6762978 ]
 [0.2288636 ]
 [0.02229522]
 [0.25965923]
 [0.05229939]
 [0.2288636 ]
 [0.01821313]
 [0.01343261]
 [0.01826982]
 [0.36081377]
 [0.14991999]
 [0.2288636 ]
 [0.01597636]
 [0.01268099]
 [0.98214114]
 [0.01576572]
 [0.2288636 ]
 [0.01859849]
 [0.01317488]
 [0.9525526 ]
 [0.5112634 ]
 [0.05682172]
 [0.852622  ]
 [0.03879153]
 [0.9715062 ]
 [0.07053079]
 [0.02159015]
 [0.03663337]
 [0.03294708]
 [0.04671584]
 [0.04124726]
 [0.04016995]
 [0.8729469 ]
 [0.02470064]
 [0.7322827 ]
 [0.93994   ]
 [0.04642326]
 [0.9353251 ]
 [0.01560718]
 [0.08021997]
 [0.9728641 ]
 [0.4903875 ]
 [0.9750115 ]
 [0.98003733]
 [0.10589202]
 [0.96520865]
 [0.37262353]
 [0.80378467]
 [0.9711557 ]
 [0.07861961]
 [0.21801716]
 [0.88903946]
 [0.01813276]
 [0.18300422]
 [0.03485643]
 [0.0416192 ]
 [0.9830679 ]
 [0.9579567 ]
 [0.70764273]
 [0.13950235]
 [0.9567754 ]
 [0.92815065]
 [0.91756386]
 [0.8347937 ]
 [0.6666491 ]
 [0.7559377 ]
 [0.8200686 ]
 [0.03008586]
 [0.5532096 ]
 [0.44093302]
 [0.97122115]
 [0.79697824]
 [0.57700664]
 [0.94652563]
 [0.03871519]
 [0.04093456]
 [0.8384176 ]
 [0.79089206]
 [0.06445426]
 [0.9810219 ]
 [0.9610985 ]
 [0.97573155]
 [0.79999846]
 [0.9253222 ]
 [0.01392105]
 [0.95800686]
 [0.95242274]
 [0.01292454]
 [0.01351243]
 [0.2116078 ]
 [0.9826737 ]
 [0.02230381]
 [0.97667533]
 [0.9042499 ]
 [0.9802232 ]
 [0.41191468]
 [0.07931244]
 [0.0931708 ]
 [0.2288636 ]
 [0.9002048 ]
 [0.0141137 ]
 [0.0416575 ]
 [0.0145136 ]
 [0.01293707]
 [0.97983825]
 [0.01233531]
 [0.03764348]
 [0.13810441]
 [0.02191181]
 [0.820125  ]
 [0.01265949]
 [0.01473635]
 [0.01383116]
 [0.3966843 ]
 [0.8150898 ]
 [0.01230463]
 [0.0220028 ]
 [0.9735431 ]
 [0.9792103 ]
 [0.01356672]
 [0.02440107]
 [0.9595046 ]
 [0.89571726]
 [0.01345331]
 [0.2288636 ]
 [0.01961988]
 [0.63599837]
 [0.95862424]
 [0.9777458 ]
 [0.01900406]
 [0.05485753]
 [0.9793109 ]
 [0.96805143]
 [0.9754478 ]
 [0.65752417]
 [0.24153614]
 [0.9390107 ]
 [0.14094819]
 [0.7632725 ]
 [0.9713316 ]
 [0.01273657]
 [0.01513934]
 [0.06488669]
 [0.03365099]
 [0.78083986]
 [0.20810728]
 [0.0131887 ]
 [0.01949227]
 [0.66833264]
 [0.01307037]
 [0.0269168 ]
 [0.02729749]
 [0.967161  ]
 [0.01272886]
 [0.8968348 ]
 [0.02195984]
 [0.04528028]
 [0.02571762]
 [0.01973879]
 [0.95894355]
 [0.90791875]
 [0.03274283]
 [0.04147131]
 [0.04736997]
 [0.8853826 ]
 [0.95506096]
 [0.02071612]
 [0.05660717]
 [0.02294523]
 [0.01776291]
 [0.03122175]
 [0.02793261]
 [0.08815713]
 [0.04397444]
 [0.06635547]
 [0.02344483]
 [0.06498555]
 [0.4354934 ]
 [0.01877138]
 [0.53202707]
 [0.1687292 ]
 [0.6351552 ]
 [0.7308234 ]
 [0.03909732]
 [0.63544595]
 [0.01676044]
 [0.02075215]
 [0.01238383]
 [0.0123086 ]
 [0.02871036]
 [0.96391875]
 [0.01525428]
 [0.01223601]
 [0.01205091]
 [0.01204369]
 [0.9781853 ]
 [0.01215146]
 [0.0131958 ]
 [0.95943457]
 [0.01277288]
 [0.01249178]
 [0.44463295]
 [0.01211825]
 [0.01978213]
 [0.17400257]
 [0.96864533]
 [0.0370742 ]
 [0.05277786]
 [0.9608756 ]
 [0.9601496 ]
 [0.1025619 ]
 [0.01207557]
 [0.52780414]
 [0.0142003 ]
 [0.0126485 ]
 [0.01612517]
 [0.01460123]
 [0.06284112]
 [0.10055091]
 [0.01256611]
 [0.7787193 ]
 [0.01529696]
 [0.013451  ]
 [0.01355569]
 [0.01680049]
 [0.01326605]
 [0.01329453]
 [0.01220599]
 [0.494534  ]
 [0.01348163]
 [0.07043193]
 [0.9656258 ]
 [0.08275142]
 [0.96115136]
 [0.01322165]
 [0.20454802]
 [0.606855  ]
 [0.01734514]
 [0.94343966]
 [0.03212622]
 [0.93528014]
 [0.03510734]
 [0.9728574 ]
 [0.01675863]
 [0.08124188]
 [0.5504049 ]
 [0.2806221 ]
 [0.01325584]
 [0.01936482]
 [0.0127155 ]
 [0.9784922 ]
 [0.22481677]
 [0.9705683 ]
 [0.05010478]]","[1 1 0 0 0 1 1 1 1 0 0 0 0 0 0 1 0 0 0 0 1 1 0 0 1 0 0 0 1 0 0 1 0 0 0 0 0
 0 1 0 1 0 0 1 1 0 1 0 1 1 1 0 0 0 0 0 0 1 1 1 0 1 0 1 0 0 0 0 1 0 1 0 0 0
 0 0 0 0 0 0 0 1 0 1 0 0 0 0 0 0 0 1 0 0 0 0 0 1 0 0 0 0 0 1 0 0 1 0 1 0 0
 0 1 0 0 1 0 1 0 0 0 0 0 0 0 0 1 0 1 0 0 0 0 0 0 0 0 1 0 0 1 1 0 0 0 0 0 0
 0 0 0 0 0 0 1 0 0 0 0 1 1 0 0 0 0 0 0 0 0 0 0 0 0 0 0 1 1 0 1 0 0 0 0 0 0
 0 0 1 0 0 0 1 0 0 1 0 0 0 0 0 0 0 0 1 0 0 0 0 0 0 1 1 0 0 1 0 1 0 1 1 1 0
 0 1 0 0 0 0 1 0 1 1 0 0 0 0 0 1 1 1 0 0 1 1 1 1 1 0 0 0 1 0 1 0 0 1 0 1 1
 0 1 1 0 1 1 0 0 1 1 0 0 0 0 1 1 1 0 1 0 0 1 1 0 1 1 1 0 1 1 1 0 0 1 1 0 0
 1 1 0 0 1 1 1 1 1 0 1 1 1 0 0 0 0 1 1 1 0 1 1 0 0 1 1 0 0 1 0 0 0 0 0 1 1
 0 1 0 0 1 0 1 0 0 0 1 0 1 1 0 1 0 1 1 0 0 0 0 0 1 1 1 1 0 0 1 0 1 0 0 1 1
 0 0 1 0 0 1 0 1 0 1 1 1 1 0 0 0 0 0 1 0 1 1 1 0 0 1 0 1 1 0 0 0 1 1 0 0 0
 1 0 0 0 1 0 0 0 0 0 0]","[0 0 0 1 0 1 0 1 0 0 0 0 0 0 0 1 0 0 0 0 1 0 1 0 0 0 0 0 0 0 0 0 0 1 1 1 1
 0 1 0 0 1 0 0 0 0 0 0 0 0 0 0 0 0 0 0 0 1 0 0 0 1 1 1 0 0 0 1 0 0 0 0 0 1
 0 0 0 1 0 0 0 1 0 1 1 1 1 1 0 1 0 0 0 0 0 0 0 0 1 1 0 1 0 0 0 0 0 0 0 0 0
 0 0 0 0 0 0 1 0 1 1 1 0 0 1 0 1 0 0 1 0 0 1 0 0 0 0 0 0 1 1 0 0 0 0 0 1 0
 0 0 1 0 1 0 0 0 0 1 0 1 0 0 0 1 1 0 0 0 0 0 0 0 0 0 0 1 0 1 1 0 0 0 1 0 1
 0 0 0 1 1 0 1 1 0 0 1 0 1 0 0 1 1 0 0 1 0 0 0 0 1 1 0 0 1 1 0 0 0 1 0 1 1
 1 1 0 1 0 1 1 1 0 0 1 1 0 1 1 0 1 0 0 1 0 1 0 1 1 0 1 0 0 0 1 1 0 1 1 0 1
 1 0 0 0 1 0 0 0 0 1 0 0 1 0 1 1 0 1 1 1 1 1 0 0 0 1 1 1 0 1 0 1 0 0 0 0 1
 1 1 1 1 1 1 0 0 1 0 0 0 0 0 0 1 1 0 0 1 0 1 1 1 1 0 1 1 1 0 0 1 1 0 0 0 0
 0 1 0 0 0 1 0 0 0 0 0 1 1 0 1 0 1 1 0 0 0 0 0 1 0 1 0 1 1 0 0 0 1 0 1 1 0
 0 0 0 0 0 0 1 0 1 0 0 0 1 0 0 1 0 0 0 0 0 1 1 1 1 1 0 0 0 0 0 1 0 0 0 1 0
 1 0 0 1 0 0 0 0 1 1 0]","[1 1 0 0 0 0 0 1 0 0 1 0 0 0 0 1 0 0 0 0 0 0 0 0 0 0 0 0 0 0 0 1 0 0 0 1 0
 0 1 0 1 0 1 0 0 1 0 1 0 0 0 1 0 1 1 0 0 0 0 0 0 1 0 0 1 1 0 0 0 0 1 1 0 1
 1 0 0 0 0 0 0 0 0 0 0 0 1 1 0 0 1 0 1 0 0 0 0 0 1 0 1 0 0 1 1 0 0 1 0 0 0
 0 0 0 0 0 1 0 0 0 1 0 0 0 0 0 1 0 1 0 0 0 1 0 0 0 0 0 0 0 0 0 0 0 0 0 0 0
 1 0 0 0 1 1 0 0 0 1 0 0 0 0 0 0 0 0 0 0 1 1 1 1 0 0 0 0 0 0 0 0 0 0 0 0 0
 1 0 1 1 0 0 1 0 0 1 0 0 0 0 0 1 0 0 0 1 0 1 0 0 1 0 1 1 0 0 0 0 0 1 0 1 0
 0 0 0 0 1 1 1 1 0 0 1 1 0 1 0 1 0 0 0 1 1 1 1 1 0 0 0 0 0 0 1 0 1 0 0 1 1
 1 0 1 0 1 1 1 0 0 0 0 0 1 0 0 0 0 1 1 1 0 0 0 1 1 1 1 0 0 1 1 0 0 0 1 1 0
 1 1 1 1 1 0 0 0 0 1 1 0 0 1 1 1 0 1 1 1 1 0 1 0 0 1 0 1 1 0 0 1 1 0 1 1 0
 1 0 0 0 1 1 0 1 0 0 0 0 0 0 1 1 0 0 0 0 1 0 1 0 1 1 1 0 0 1 0 1 1 1 0 1 0
 0 0 0 1 0 0 0 1 1 0 1 1 0 0 0 1 0 0 0 1 0 0 0 1 1 0 0 0 0 1 0 0 0 1 1 1 1
 0 1 0 0 0 0 0 0 1 0 1]","[0 1 1 0 0 0 0 1 1 0 0 0 1 1 1 0 0 0 0 0 1 0 1 1 0 0 0 1 0 1 0 0 0 0 0 0 0
 0 0 0 1 0 0 0 0 0 0 0 0 0 0 1 1 1 0 0 0 0 0 0 0 0 0 1 0 0 0 0 0 1 1 0 0 0
 1 0 0 0 0 1 0 1 0 0 1 1 0 0 1 0 0 0 0 0 0 0 1 0 1 0 1 1 0 1 0 1 0 0 0 1 0
 0 0 0 1 0 1 0 1 0 1 0 0 0 1 0 0 1 0 0 0 0 1 0 0 1 0 0 0 0 0 0 1 0 0 1 0 1
 0 1 0 0 0 0 0 0 1 0 1 1 0 1 0 0 0 0 0 0 0 1 0 0 0 1 0 0 0 0 0 0 0 0 0 0 0
 0 0 0 0 0 0 1 0 0 1 1 0 0 0 0 0 0 0 0 0 0 0 1 0 0 1 0 1 0 1 0 1 0 0 0 1 1
 0 1 0 0 0 1 0 1 0 1 1 1 1 1 0 1 1 0 0 1 0 0 0 0 0 0 1 1 1 1 1 0 0 0 1 1 0
 0 1 1 0 0 1 1 0 0 0 1 0 1 1 1 1 0 1 0 0 0 1 1 0 1 1 1 0 0 0 0 1 1 0 1 0 1
 1 0 0 0 1 1 0 0 0 1 0 0 0 0 0 0 0 0 1 1 0 0 1 0 1 1 0 0 0 0 0 1 0 0 0 1 0
 1 1 1 0 0 1 0 1 0 1 1 1 1 1 0 1 0 1 0 0 0 0 0 1 0 1 0 0 0 0 0 0 1 0 1 0 0
 1 0 0 1 1 0 1 0 1 1 0 1 0 0 1 1 0 0 1 0 0 0 1 1 1 0 0 0 1 0 0 1 0 1 0 0 0
 1 1 1 0 0 1 0 0 1 1 1]","[0 0 0 0 0 0 0 1 0 0 0 0 1 0 0 0 1 1 1 0 0 0 1 0 0 0 0 0 0 0 0 0 0 0 0 0 0
 0 0 1 1 0 0 0 0 0 0 0 0 0 1 0 0 0 1 1 0 0 0 0 1 0 0 0 1 0 0 0 0 0 1 1 0 0
 0 0 1 0 0 0 0 0 0 1 0 0 1 0 0 0 0 0 0 1 0 0 0 1 1 0 0 0 0 0 0 0 0 0 1 0 0
 0 0 1 0 0 1 0 1 1 0 0 1 0 0 0 0 0 1 0 1 1 0 0 0 0 0 1 0 1 0 0 0 0 1 0 0 1
 1 0 0 1 0 1 0 0 0 0 0 0 0 0 0 0 1 0 0 1 0 0 0 0 0 0 0 0 1 0 0 1 0 0 0 1 1
 0 1 0 1 0 0 0 0 0 0 0 1 1 0 1 1 0 1 0 0 0 1 0 1 1 1 0 1 1 1 0 0 1 0 0 0 1
 0 1 1 0 0 1 1 1 0 0 0 1 1 0 1 1 0 0 1 1 1 0 0 0 1 0 1 1 0 1 0 0 1 0 0 0 1
 0 1 1 0 1 0 1 1 0 0 0 0 1 1 1 0 0 0 0 0 0 1 1 0 1 1 0 1 0 1 0 1 1 0 0 0 0
 0 0 1 0 1 0 1 1 0 0 0 1 1 0 0 0 0 0 0 0 1 1 0 1 1 1 0 0 1 0 0 0 0 0 0 0 1
 0 0 1 0 0 0 0 0 1 0 0 1 0 1 1 0 0 0 0 1 1 1 1 0 0 0 0 0 0 1 1 0 1 0 0 0 0
 0 0 0 0 0 0 1 0 1 0 1 0 1 0 0 0 0 1 0 1 0 0 0 0 0 0 1 0 0 1 1 1 0 0 0 0 0
 1 0 1 1 1 1 0 0 1 0 0]",0.6072155351052835,0.03128493922069735
